cluster_size,mean,var_latitude,var_longitude,cov
226,"(37.78379323195524, -122.4187143689311)",1.8816631065482418e-06,2.04113242830788e-06,-1.501008130936129e-07
180,"(37.778533826558835, -122.40672818539862)",1.0498417237413196e-06,4.613259604898581e-06,-3.6901848870285394e-07
156,"(37.78626192753497, -122.41464818532607)",1.0922069905603604e-06,1.4486275346675534e-06,-2.237130926049449e-07
151,"(37.77192807792111, -122.42239405830867)",1.6993575865232858e-06,2.0973837461741607e-06,1.8537883272975568e-07
146,"(37.786254524759414, -122.41009512588585)",1.1260926181047706e-06,1.5242984486463582e-06,-3.6957175103272437e-07
144,"(37.778324052710786, -122.42276296964117)",4.093362682682615e-06,1.544499576863132e-06,7.53760626883166e-07
141,"(37.787992506367495, -122.42444240149464)",1.624411672862717e-06,3.8999116905141375e-06,-1.449319945329521e-07
139,"(37.77164412448585, -122.41547479289022)",1.2198442919685392e-06,3.706168392410229e-06,-1.1202105377013764e-06
136,"(37.79221457032317, -122.41791797361512)",2.200809476414226e-06,2.5828023316689063e-06,1.815744356840868e-07
135,"(37.781449360513086, -122.43139428061576)",1.2594759218124888e-06,3.6623200793820442e-06,8.697865413674476e-08
128,"(37.78246572298599, -122.41345473943693)",1.0320618495595792e-06,3.493761523980633e-06,8.654639491330577e-07
127,"(37.75276957649647, -122.41108359955378)",1.2910263965246599e-06,4.12633367789121e-06,-1.544228679253208e-07
126,"(37.77270954886994, -122.4108044900464)",8.871932058053255e-07,3.0051045461841157e-06,-5.768371785305136e-07
115,"(37.75609643453393, -122.4171834532407)",2.3354279863072195e-06,3.5303383864393742e-06,1.0377452637861688e-06
113,"(37.79007511796712, -122.40703531185778)",1.7595119263022469e-06,1.8768474869367927e-06,-3.9674020216359487e-07
113,"(37.76445598374493, -122.41857053383654)",7.674796016565803e-07,4.31688049688504e-06,-7.155666507196198e-07
107,"(37.760512181777024, -122.41131317713683)",1.3399968677668814e-06,4.2807677562658244e-06,-1.0375104362106408e-06
107,"(37.788192213834904, -122.41870893427847)",8.790643823881348e-07,1.309862341446848e-06,-1.5095655013264181e-07
103,"(37.790063556652576, -122.4124408672115)",1.0187639916373864e-06,2.072513868047618e-06,2.1113944807806738e-07
102,"(37.782321644108336, -122.39745832398137)",1.1190494682287828e-06,3.91346280539101e-06,6.761952924098665e-07
99,"(37.784048041626896, -122.4424419728694)",1.773988806006703e-06,4.476865009583573e-06,-4.835303539679458e-07
93,"(37.77860733061998, -122.44085621506083)",1.7547039049717923e-06,2.9041137545428194e-06,-5.865989151359891e-07
91,"(37.760049410368154, -122.43543764217695)",3.377296799169367e-06,2.686714582003783e-06,-1.8370116649673583e-06
90,"(37.74858593291779, -122.41357156778797)",1.8461583888244447e-06,2.61613644111462e-06,-9.685235859611114e-07
89,"(37.774551838735235, -122.43249000324832)",1.3225495753176276e-06,3.244143660836158e-06,1.003305002708036e-06
88,"(37.77684399122492, -122.41748387818629)",1.2284526440422465e-06,3.2307687598731875e-06,1.3260453478806281e-06
85,"(37.735388391506824, -122.39096471989703)",1.3870280614956647e-06,1.8051493798770581e-06,4.7203002076940295e-07
84,"(37.73729767131055, -122.3966093990825)",1.0359602828411664e-06,2.7637441828845297e-06,-5.837805032934937e-07
84,"(37.73506928912348, -122.41549223169142)",9.576680628617075e-07,6.074422561040759e-06,-3.301370304258038e-07
82,"(37.787527389407096, -122.39514019824574)",1.1890010872570838e-06,1.6935304824472478e-06,-6.481523987374058e-08
81,"(37.77379901070072, -122.427438769167)",1.7169147916403165e-06,1.4015405054441442e-06,-3.833675218282601e-07
81,"(37.79601366008373, -122.4134348025384)",2.196078948066887e-06,3.604932630777367e-06,-1.5265025939266882e-06
80,"(37.730060005951984, -122.38652332146091)",1.5895455035849952e-06,2.6079372387124557e-06,-4.5856043370395276e-07
78,"(37.77786371884473, -122.43480798202312)",1.4900540039439876e-06,3.3117947710716844e-06,1.709289212226848e-07
78,"(37.78454136030127, -122.40485725643798)",1.1873689637759218e-06,1.375153394531362e-06,-4.822279040189427e-07
77,"(37.798009550661966, -122.40567637373529)",1.1077392008023182e-06,1.4527649224435527e-06,-2.5751513586577384e-07
77,"(37.7632291234865, -122.42281821962423)",1.004336226716461e-06,1.3912050290054918e-06,-6.058408233782941e-07
76,"(37.72138568296979, -122.43748673163078)",1.630632143231432e-06,2.041975173998443e-06,1.2000037227586096e-07
74,"(37.774307304984305, -122.44023250414634)",7.379447032522114e-07,2.833949030803576e-06,1.532435045697124e-07
73,"(37.77672085227545, -122.4128708464285)",2.0856545197905474e-06,1.6370924680621101e-06,1.0187842006204092e-06
73,"(37.77053103714136, -122.44546824130528)",1.0222086598062402e-06,3.4585072718212758e-06,-4.1580880917837554e-07
73,"(37.761145070771384, -122.4025115373761)",1.4838644793854266e-06,2.7640389689015883e-06,-1.3985598936849715e-07
73,"(37.76804495076782, -122.41826540387004)",6.670384042153971e-07,1.5599929014840656e-06,2.6311097643292756e-07
72,"(37.7745550578911, -122.40431721322443)",9.528197133379137e-07,2.254115661361987e-06,-4.457429893320254e-09
71,"(37.76014118099018, -122.41887573985143)",1.5018973905856755e-06,1.7871056751124211e-06,1.1983654868330944e-08
69,"(37.77084996561482, -122.43390565859501)",9.657816106247826e-07,3.6755135194549806e-06,7.894592766239597e-07
68,"(37.7679379476109, -122.42241135398147)",8.894616368491403e-07,1.5342485444442705e-06,-2.514590077980743e-07
67,"(37.806263613972895, -122.4179475632534)",1.303066687543028e-06,3.153335555794321e-06,9.729385701925378e-07
67,"(37.76112897938897, -122.42561483892452)",1.2905040456668785e-06,2.2775680288330362e-06,-8.860535181078546e-07
67,"(37.778729589304056, -122.42694409713908)",1.6040541935045534e-06,9.85675581106664e-07,7.581109823589647e-08
67,"(37.793757633931385, -122.42464965435501)",2.427391668420749e-06,2.610946243182058e-06,-1.0228281499242511e-07
66,"(37.72793987833629, -122.39241252731244)",1.5699665240983896e-06,1.1474529420533544e-06,4.018581064446222e-08
65,"(37.76059469050505, -122.43079150797949)",2.0555058134451064e-06,1.6637011997976705e-06,-5.852973290951857e-07
65,"(37.768071385629796, -122.42759545232494)",2.183200359140307e-06,1.6210886112768389e-06,8.795454416395527e-07
65,"(37.71734732504469, -122.44058070368922)",1.7433949021258018e-06,2.0655924653100914e-06,-7.443453506564556e-07
64,"(37.75308016694642, -122.4045202408553)",1.3126991928532874e-06,1.5850827167009944e-06,9.184644630165076e-07
62,"(37.73027604909301, -122.39650276297655)",1.3292337792829132e-06,3.0520378571339347e-06,5.489469494222173e-07
62,"(37.7543693040977, -122.42440751241931)",1.4769477950491426e-06,3.1461202509192715e-06,-7.752972291042373e-07
62,"(37.76369699905239, -122.40739765081194)",1.5741970887582486e-06,1.415633995101732e-06,6.824800314318941e-07
61,"(37.733232442190776, -122.40553809495444)",1.1586302474138486e-06,1.9621948631256062e-06,2.307692004645486e-07
61,"(37.7258327921588, -122.38777125961809)",9.051353402812377e-07,1.210922818082605e-06,1.4299754770492683e-07
59,"(37.764825019170466, -122.44476064970587)",2.2072379476839655e-06,3.380514340797918e-06,-2.2608759481604844e-07
59,"(37.72971618537333, -122.43166085117177)",1.5973886819996982e-06,3.1204265989572314e-06,7.114099175301404e-07
56,"(37.74297150435823, -122.40442346661396)",1.1147530173779612e-06,7.020596329164223e-07,2.4738442066715592e-08
56,"(37.76388884385718, -122.43340310882881)",6.432080505497533e-07,2.6367348611272796e-06,1.5960356348703688e-07
56,"(37.74929725708727, -122.41968259718888)",8.804507645344219e-07,2.446552063565586e-06,1.4713854042222544e-07
55,"(37.717657533136, -122.47450376806412)",6.713200743423623e-07,1.0640380754365911e-06,-9.357302875447906e-08
55,"(37.79476146041277, -122.39733053491393)",1.9157131834959744e-06,1.521925230320411e-06,4.6660199938533896e-08
54,"(37.801922088492745, -122.41131249190113)",9.124767556117419e-07,3.843591493793563e-06,-2.056008897185162e-07
54,"(37.770005798009386, -122.45124939028794)",1.4698056138949177e-06,2.079827657713956e-06,-7.792813216450373e-07
54,"(37.74746004219725, -122.40676029011846)",1.1536893385902144e-06,1.912811928025626e-06,-7.287747659296208e-08
53,"(37.724913114512, -122.40411133891405)",9.813650112438494e-07,2.135015781507452e-06,3.6129971309403877e-07
52,"(37.796907508565, -122.40181373252736)",1.6780711474451513e-06,1.0227045512706036e-06,-2.0368601937447338e-07
52,"(37.78828223679943, -122.43037145789647)",1.4251296035861445e-06,2.155113940519644e-06,-2.0836726232635774e-08
51,"(37.740027053952424, -122.38815476965019)",1.3373520534407709e-06,1.0981853174407785e-06,6.179492558334231e-08
51,"(37.80277607931531, -122.42559176620868)",2.0410406646922234e-06,2.4525229599236142e-06,8.205785420454777e-07
51,"(37.75686830334231, -122.41172680790362)",6.339944988874829e-07,1.52349708797313e-06,2.0257608610037414e-07
51,"(37.72538961953948, -122.43390422916988)",1.231642065090939e-06,2.4694403661803927e-06,-2.565601709445942e-07
51,"(37.73641633610531, -122.42369462513307)",2.4570671970151094e-06,1.776658289512833e-06,-7.041278904354839e-07
51,"(37.76815288034598, -122.41072834767886)",3.1846266863723326e-08,2.866805713130777e-10,-3.0215403321287873e-09
51,"(37.76510475845683, -122.41172986736503)",4.4022168009931256e-07,1.2732816629606458e-06,2.947718874058468e-07
50,"(37.7430158206953, -122.4228327028971)",2.194952783455909e-06,1.555830847497603e-06,3.121677871655177e-07
50,"(37.73843116271365, -122.40496612590016)",4.1198003188705865e-08,9.643888726656333e-07,1.7650338126751117e-07
50,"(37.783219940870765, -122.42328001489062)",5.719063360199902e-07,6.676163543294095e-07,4.044889164859258e-08
49,"(37.776286898074254, -122.45650210854905)",1.0897236590348515e-06,1.4543888096435989e-06,-6.743607626281957e-07
48,"(37.72332591778227, -122.4008592527946)",2.1378355627727053e-07,1.6560597114272066e-06,2.5871375712286656e-07
48,"(37.8059450375361, -122.41401421412367)",1.181876662237303e-06,1.1193641750698283e-06,2.874481346745237e-07
47,"(37.76650994760108, -122.43319037447515)",4.971500429093333e-07,2.7621975257982034e-06,2.677855146171269e-07
46,"(37.76380105372783, -122.39565856783015)",1.1506835758574856e-06,2.7129442654602314e-06,6.073857540453312e-07
45,"(37.72692091772937, -122.42722200672095)",1.490691076107435e-06,2.5735455319991576e-06,-5.440733376584789e-07
45,"(37.78190248772992, -122.40803997019914)",5.284820601463636e-07,1.0437292274483772e-06,1.473206040621721e-08
45,"(37.771644407081624, -122.50973782172709)",6.046213758383059e-07,3.367120948675689e-07,-5.613551530088123e-08
44,"(37.776267083369916, -122.44489576286774)",1.6558478410612253e-06,1.2805378287641703e-06,-3.7612066259566504e-07
43,"(37.74982131227768, -122.42906552692443)",1.3914724309870283e-06,4.092433361704315e-06,1.0234623636955476e-06
43,"(37.72723629763946, -122.3817756843625)",9.963481849894164e-07,1.9500930109120635e-06,5.511567571952331e-07
43,"(37.794797870759204, -122.43102768503651)",1.7864494934468288e-06,1.9987094541435274e-06,9.124347716158076e-07
42,"(37.805287474319776, -122.40961954289023)",1.5646446719966731e-06,1.201321199933589e-06,-4.041259193289384e-07
42,"(37.73968393370399, -122.40025240402437)",4.898897875571908e-07,1.1726413454300866e-06,5.844642696331544e-07
42,"(37.78100606110139, -122.40414023451476)",2.96446391666398e-07,8.81763162363137e-07,-1.8292570716097938e-07
41,"(37.75803515610741, -122.42344988961129)",6.754324744666657e-07,2.3662601889570067e-06,3.192441817174315e-07
41,"(37.786783211457646, -122.39943170092069)",3.937576100207048e-07,1.4586017375129216e-06,2.736646935980613e-07
41,"(37.71985837857059, -122.4272351608626)",9.660839649354374e-07,2.1948564177152373e-06,6.979580148382528e-08
41,"(37.76808530703485, -122.40598225564685)",1.8028734073695392e-06,1.2879778056130664e-06,-8.632204955945797e-07
40,"(37.753376769107795, -122.39966215149937)",7.544841382852366e-07,1.1957849465989866e-06,-3.149120681182026e-07
39,"(37.799116546559404, -122.43149074105706)",1.3447934231188578e-06,2.2377532666006494e-06,4.845496893144863e-07
39,"(37.802284419991196, -122.44198700937189)",1.2310103785856988e-06,2.731260906587457e-06,-6.101718575650367e-07
39,"(37.774008265807225, -122.46573209484914)",7.997321880441859e-07,3.5952878526349246e-06,6.782202261147404e-07
39,"(37.78152843834653, -122.46063516171584)",1.1463039224124392e-06,2.253530283456663e-06,-3.3336812257652145e-08
39,"(37.74017610510637, -122.41460198351848)",1.1542643156847573e-06,2.0155453670070324e-06,1.3053148576210406e-07
38,"(37.78885122878781, -122.40225005617496)",8.847726000918036e-07,1.4143593995971086e-06,9.835748688729093e-08
38,"(37.78981530317048, -122.44624442964312)",2.314096909324506e-06,1.719131954129373e-06,3.765040603346856e-07
37,"(37.78950895565515, -122.43567054848631)",1.3661332322684576e-06,1.6378004730278944e-06,-6.322294848823756e-07
37,"(37.774124225571185, -122.4519382205643)",1.126687884750529e-06,2.3406104598574434e-06,1.4194954314830756e-07
37,"(37.78852961862948, -122.39032220995105)",6.832424543785747e-07,5.755326457053824e-07,1.2921447341985126e-07
37,"(37.72136832353248, -122.39792803814952)",5.668564799270233e-07,3.0875805118920274e-06,9.865324273849312e-07
37,"(37.71751506690789, -122.39022858754682)",1.5093593187064055e-06,7.288506972792706e-07,-5.257307361783697e-07
36,"(37.770880123091, -122.43900743150874)",1.2228935960198051e-06,1.3621194527638176e-06,-8.62517552884354e-08
36,"(37.77844043588733, -122.47876458556665)",1.1990134643902709e-06,3.1742739557595958e-06,-3.484780818336363e-07
36,"(37.7387487314831, -122.41054919780231)",1.737743993795275e-06,8.445905677108673e-07,5.405526240251045e-07
36,"(37.76315743358682, -122.50895884617141)",8.781998800473308e-07,7.092476386126736e-07,-4.7609893957467077e-07
36,"(37.71075231672689, -122.45167554959582)",1.1357214241342543e-06,2.7723604457343055e-06,2.17007034213108e-07
35,"(37.74394110222492, -122.4092562513099)",9.648223939253963e-07,1.897659169050347e-06,-5.388538627753158e-08
35,"(37.71978297969597, -122.40469190334358)",1.303186431543447e-06,9.805434178521046e-07,1.3731265220028945e-07
35,"(37.75632963348377, -122.40754383096511)",9.350454432044861e-07,1.092346795425773e-06,2.651657898931374e-07
35,"(37.75318890384056, -122.43845418098338)",1.454802691683268e-06,1.8456154284082644e-06,-2.6212060404910233e-07
35,"(37.769987386347516, -122.42999869933428)",3.550876104247037e-07,1.3049610851310031e-06,3.5866222226893034e-07
34,"(37.75277144150791, -122.38821867903046)",4.344487616225217e-07,6.292900802575912e-07,-1.017703822279729e-07
34,"(37.728008837798654, -122.40504474158743)",1.0302106096021129e-06,1.6192077718744593e-06,4.241948963427011e-07
33,"(37.798643410858766, -122.4191603294415)",6.49057626614686e-07,1.5485376177779676e-06,2.4160929392046564e-08
33,"(37.716816370928825, -122.40104525925054)",1.7854608857985138e-06,1.4813753795263798e-06,8.406484861556429e-07
33,"(37.71181333545706, -122.4026601038348)",7.638984184401692e-07,2.4479648082105003e-06,6.142302772363414e-07
32,"(37.75769958850686, -122.39464012906025)",1.0802004086993845e-07,2.045024464839339e-06,-1.769969168915012e-08
32,"(37.72018091643844, -122.4093209595118)",1.7276980151404399e-06,1.8574551207492036e-06,-3.4153923099953396e-07
32,"(37.74555442099389, -122.41877257379481)",1.311877497351905e-06,7.893229995761829e-07,-4.0022553439710766e-07
32,"(37.736173511796686, -122.38414858471936)",7.173079983041649e-07,8.649247823043213e-07,-2.0012684748952176e-07
32,"(37.71135823571797, -122.41867597653778)",9.29900760579599e-07,7.553051177833547e-07,5.08991243510521e-07
32,"(37.733428194188114, -122.42694595209534)",1.0375666931997253e-06,2.2079117540972476e-06,-7.935698100588402e-07
31,"(37.78544095190334, -122.43355724086628)",3.387626495358699e-07,2.4345482101830226e-06,2.4498641032125093e-07
31,"(37.79904298716414, -122.39956814161587)",1.7377256376811018e-06,7.942223574280703e-07,-4.29518675123318e-07
31,"(37.79811434858387, -122.41067712493764)",9.612523819622391e-07,1.24575542086604e-06,-8.775483994911125e-08
31,"(37.77524207343771, -122.47461281876264)",1.0009277454129224e-06,2.207286477039759e-06,-2.8521249971420284e-07
31,"(37.73669674510206, -122.42991860614481)",5.686644593641131e-07,2.586806148924476e-06,3.6160976056134355e-07
31,"(37.794147620059285, -122.40560554239167)",6.882259577962054e-07,1.7328354242127773e-06,-2.585147585138184e-07
31,"(37.76102740921432, -122.39095592850455)",8.49259544260531e-07,1.5869571499619864e-06,1.503504047291124e-07
31,"(37.72024226117358, -122.48247959603836)",5.013489952050185e-07,2.7482335214602592e-06,1.8037847364032752e-07
30,"(37.79942515462434, -122.43594700267222)",8.553665810315022e-07,1.1447641663564915e-06,-1.4850648136888684e-07
30,"(37.72390026756713, -122.45907803447116)",1.1704223776049247e-06,1.8157334446438194e-06,5.632716008864454e-08
30,"(37.757528265869254, -122.3890273853846)",3.6172113167263295e-07,1.0930646096129416e-06,-2.28388273907936e-07
30,"(37.7302887801536, -122.43858787365482)",1.8720437781953815e-06,1.485069987960809e-06,2.3784571384837464e-07
29,"(37.721251994409165, -122.39144687669005)",8.299779134265182e-07,1.0824874538939684e-06,4.3145555790524195e-07
29,"(37.76360289840154, -122.46391304532523)",1.0032711597183789e-06,1.7641365516500428e-06,-5.765706111308466e-08
29,"(37.73249482521496, -122.38033496719193)",1.6997405790027634e-06,2.038975837323324e-06,7.970558447433111e-07
29,"(37.722375964968585, -122.45446563098601)",6.269100519114915e-07,2.563208668810767e-06,3.472449639194933e-07
29,"(37.795010407960135, -122.43518699686304)",9.70753692373985e-07,2.101425771928182e-06,7.071938708382083e-07
29,"(37.73174036649592, -122.39075072545121)",4.6811737609739264e-07,8.686456300499856e-07,6.172655917901383e-08
29,"(37.803732191316676, -122.43738239691214)",1.3355962176684199e-06,7.51219695689413e-07,-2.273884395700389e-07
29,"(37.71810234410698, -122.38642096970908)",7.368062755165057e-07,8.868107940629558e-07,-6.015284254828511e-08
29,"(37.73061507342375, -122.41275185401618)",1.0406279844892946e-06,1.3780104131344419e-06,-1.2443178569658775e-07
28,"(37.77532411357536, -122.40971709961545)",1.1948533073704076e-07,6.689548218877526e-07,7.772399874566683e-08
28,"(37.79040709479914, -122.4411562311201)",1.802072819470922e-06,1.4873837022178707e-06,-7.927265805381092e-07
28,"(37.70951107231899, -122.42289181348801)",8.474783507467933e-07,2.732915415607636e-06,-3.1791627258116286e-07
28,"(37.797322035604466, -122.44033193378871)",1.3678709066897497e-06,2.2620729812171035e-06,1.9111441276676068e-07
28,"(37.76563879054822, -122.45941510745202)",1.5534716782611074e-06,1.6890100923241305e-06,-6.06332260252618e-08
28,"(37.739841053640795, -122.41905396951418)",2.100516147092065e-06,7.481469752199151e-07,-3.760192319348717e-07
28,"(37.71361837857358, -122.41110388357076)",4.5809559928922795e-07,1.4960029633509033e-06,-3.953353284263812e-07
28,"(37.7221513129759, -122.47069373971088)",1.488622775193377e-06,2.877198259522838e-06,-1.140701898529422e-06
27,"(37.72888539483909, -122.4229291410387)",1.6043689627299985e-06,1.4839787357504735e-06,-7.687919031789096e-07
27,"(37.79315014567618, -122.4142683059903)",5.093874962435802e-07,2.8889852178616334e-07,-4.735294726786278e-08
27,"(37.784623289387696, -122.46326774913138)",6.680411361593325e-07,2.0974872391766663e-06,2.5251381795697915e-07
27,"(37.752081830127196, -122.44468026815068)",1.4237018083390885e-06,1.2668610732357096e-06,1.5603368794554426e-07
27,"(37.759284355480254, -122.46332878421214)",1.004195313909128e-06,1.0797111810376144e-06,1.8899898567575153e-08
26,"(37.786648280695594, -122.38887213247105)",1.6604595858686565e-07,6.53953504858307e-07,3.161120439249057e-07
26,"(37.711446033433674, -122.4385517612462)",1.3430884127763057e-06,1.4519844398881602e-06,-9.616726597136795e-09
26,"(37.73097929067678, -122.44801111356173)",1.408666347540143e-06,2.0420420005797203e-06,1.0283277448359074e-06
26,"(37.767242139367696, -122.41553552021293)",4.5877049334966675e-07,4.477048836167611e-07,3.4745709018555855e-07
26,"(37.773215539215734, -122.47637526149924)",4.3953062236208043e-07,3.216780045946348e-06,-3.0933286799848964e-07
26,"(37.71790648476607, -122.48202491916489)",5.776793730671274e-07,6.467915751106937e-07,2.141116716871983e-07
26,"(37.79534769412011, -122.41986102381885)",2.439147425529592e-07,1.3678082225997714e-06,3.063001338000225e-07
26,"(37.76106449373135, -122.44507291733792)",7.099233031515493e-07,2.144075713170785e-06,-2.1787136088859038e-07
26,"(37.77507596005672, -122.51129492624526)",0.0,7.560947786617518e-27,0.0
26,"(37.75996578416226, -122.50816762791956)",5.451398012243447e-07,1.0714784980266974e-06,-1.989628857008162e-07
25,"(37.77295870328927, -122.3916603177788)",4.1314443806713245e-07,5.694005600797091e-07,1.3918124903578697e-07
25,"(37.745896353324646, -122.39057385179294)",5.100883813428767e-07,5.413827496568515e-07,-4.6983719277658374e-07
25,"(37.76050089489018, -122.3960567168917)",3.986720540683238e-07,1.5947272675244003e-06,8.32993449517039e-08
25,"(37.71499032042409, -122.47264167684081)",4.351453485990318e-07,1.8797422265703264e-06,5.609487197985886e-07
25,"(37.7435347038158, -122.43213539370156)",1.3473590684113755e-06,1.32681228358292e-06,-4.0869190532144516e-07
25,"(37.71853514949451, -122.43308876518807)",9.905759988771872e-07,1.481699575093944e-06,-1.744084756796259e-07
25,"(37.802550070006326, -122.41811583944563)",6.58110036147771e-07,1.2800435861937028e-06,4.7409845495310984e-07
25,"(37.776891103090655, -122.40009037150237)",1.431297837054958e-07,1.539577837255542e-06,-1.4497780747286404e-07
25,"(37.74572067599995, -122.4016150397805)",1.7935396296710275e-07,5.590056330258933e-07,-3.1663839881500136e-07
24,"(37.784693844992354, -122.4816197820598)",1.4887288757871416e-06,1.4781478618543458e-06,-5.474842418904119e-07
24,"(37.729754672283846, -122.41957174536795)",2.1075619242968388e-06,1.03207296327119e-06,-8.580085103960639e-07
24,"(37.74161426721101, -122.46829818519517)",2.0722445353892863e-06,2.8951535272429883e-06,-8.71724760078365e-07
24,"(37.71454769597468, -122.40657293244193)",2.4904875272594698e-06,1.0247974327031707e-06,-8.812876426187584e-08
24,"(37.7107987682039, -122.39585593967702)",5.067415897429799e-07,5.038875075208521e-06,-4.734783550871923e-07
24,"(37.75247829538135, -122.39373621746715)",2.8120683486476268e-09,7.675730628937043e-07,4.645931460038895e-08
24,"(37.786694348567735, -122.4385307365619)",8.341621907647614e-07,1.3337896948386822e-06,2.354013403782325e-08
24,"(37.75114700221257, -122.40143804327847)",5.044876072092536e-07,4.744701711206871e-07,3.0011982737742695e-07
24,"(37.713905551174186, -122.46288183630185)",3.43962193256425e-06,2.206400009452695e-07,-7.988343989243332e-08
24,"(37.72456616333576, -122.43932748497804)",7.159204811147106e-07,7.908820474785417e-07,1.0176968405859875e-07
23,"(37.80068289563123, -122.41570551241351)",4.244410947448374e-07,1.11027129868437e-06,2.806631735937695e-08
23,"(37.757433581495164, -122.40131570694682)",2.5642435374490224e-07,1.5311888640351998e-06,-2.3814847744834352e-08
23,"(37.78301140549344, -122.46825331992314)",1.1319177273431173e-06,1.673088336002146e-06,6.200092490980645e-07
23,"(37.79206014398907, -122.40138220424443)",8.104716600269628e-07,7.923009854251124e-07,-2.8416235152352478e-08
23,"(37.797913700473316, -122.42671144720231)",9.333956937621212e-07,9.788550529093992e-07,3.200768482832756e-07
23,"(37.75227760687223, -122.41781711280635)",4.683100403950795e-09,1.255959586942308e-06,7.668843939700737e-08
23,"(37.729593413419536, -122.40179695146699)",1.1865154321087017e-06,7.581863483335693e-07,-4.336556258105118e-07
23,"(37.73057076656903, -122.37773905944653)",6.585219589822014e-07,1.3939369896690935e-06,8.795439438581879e-08
23,"(37.753556580032026, -122.46599723444514)",3.0265634044377748e-06,9.092051811958841e-07,5.079002819562437e-07
23,"(37.78407818111519, -122.3991005573635)",2.627429192305688e-07,5.136482874989212e-07,-2.0642744314088502e-07
23,"(37.71256500808596, -122.45646517902019)",1.525652809113037e-06,1.5468101233681283e-06,-3.225992960966294e-07
22,"(37.7747159249237, -122.4590025099802)",3.896148756977358e-07,8.812368364075274e-07,8.431198408328902e-08
22,"(37.72988813881549, -122.40980971199666)",2.261652372113817e-06,4.701084956655356e-07,1.2425614558294692e-07
22,"(37.741748009069426, -122.40083727078307)",3.699142624934836e-07,3.089836520767068e-07,3.3807907326614886e-07
22,"(37.743206370866886, -122.42754791812027)",9.558721551134126e-07,9.434756196555632e-07,4.202967743753455e-07
22,"(37.74459355579928, -122.48122313800788)",1.119394238672215e-06,9.865662873768911e-07,-4.235333859349789e-07
22,"(37.76467686891957, -122.4270286223471)",5.82986974339795e-07,1.5620906364255957e-06,6.43639015812765e-07
22,"(37.71448646819993, -122.44757985726413)",4.681779361919082e-07,1.8861462543762786e-06,4.509965603194715e-07
22,"(37.76372977562612, -122.47797567326093)",2.1028352897202148e-06,1.176868239495498e-06,-3.405134366789482e-08
22,"(37.73315838179255, -122.3989227324123)",3.579048248310936e-07,1.941887638650621e-06,4.3784037379857296e-07
22,"(37.71333695720196, -122.44327762999178)",1.7647850557057416e-06,1.1051635174276317e-06,2.8453235652766087e-09
22,"(37.735372325839016, -122.40039268963442)",9.914818053174477e-08,2.5266680815579254e-06,-2.5328260838942667e-07
21,"(37.728199718048614, -122.37192178496458)",6.230635099732153e-07,1.1824796356366596e-06,-3.1638243396887886e-07
21,"(37.75363123456121, -122.42950567952754)",1.76365187790803e-06,9.284622201388102e-07,-2.907004532642466e-07
21,"(37.74238319843372, -122.383873807016)",8.915458323145082e-07,2.5289522013100007e-07,4.737674062249546e-07
21,"(37.778883996710235, -122.4647949594538)",3.03434045156187e-07,1.4491460025675886e-06,-8.066470876775483e-08
21,"(37.77674504254192, -122.39423193746981)",5.515917016609371e-07,4.7123402431393985e-07,-2.765964596171918e-07
21,"(37.79084170749311, -122.39385332048775)",5.1373071613805e-07,6.842214968722455e-07,-1.2231972445773706e-07
21,"(37.80120664349655, -122.40450335630281)",5.035756869571288e-07,9.14912319576792e-07,3.391815352359534e-08
20,"(37.7520244281166, -122.42198238178109)",5.340311910090733e-07,8.878111122224012e-07,5.018997958458555e-07
20,"(37.77359388071353, -122.48431916579393)",9.186779684483242e-07,2.3461760410048098e-06,9.970539704552407e-08
20,"(37.77700686684013, -122.50616966409356)",1.9127205108854734e-06,1.2653412210864894e-06,6.411043481466548e-07
20,"(37.78173241735357, -122.4503831280419)",3.7221194659836656e-07,9.528719110604387e-07,-6.273769707648904e-09
20,"(37.7618496693384, -122.48845121965394)",1.8590157388650074e-06,1.1349770870996606e-06,-9.781255976368868e-07
20,"(37.721696054848586, -122.46479625067509)",6.764528799839963e-07,2.5836138690220643e-06,6.962763236597973e-07
20,"(37.777442416098324, -122.46762223993957)",5.432355584400483e-07,2.6428632015812107e-06,-4.051116075037417e-07
20,"(37.74972794570501, -122.38700314699909)",4.060281347819645e-07,1.358143534886764e-06,-5.661748595941374e-08
20,"(37.73394681584076, -122.43375056424074)",2.408213405945449e-07,3.4487939300696296e-06,-2.7136413962176405e-07
20,"(37.76366308847423, -122.4524778572603)",6.377730912273371e-07,2.7949165958654532e-06,-6.422455800041727e-07
20,"(37.77326406646941, -122.4456876495683)",1.7330627517055852e-07,9.768714634473838e-07,2.2984737918870542e-08
20,"(37.760761933540465, -122.4940201855591)",1.0868636172369754e-06,1.6538410754016662e-06,2.2995212641728898e-07
19,"(37.72888827717277, -122.44324966650322)",6.210328917166235e-07,1.42886057312287e-06,8.483042357415907e-08
19,"(37.71456609131524, -122.46710091467394)",4.67582638580722e-07,2.613556551267683e-06,-2.7020604102470527e-07
19,"(37.782419217182735, -122.47376214542187)",1.8018197095738436e-07,1.9495636980046644e-06,-1.3048375346229269e-07
19,"(37.72673980691754, -122.47556069324936)",2.1799306222737247e-07,6.676024208685821e-07,-1.1553177684732712e-07
19,"(37.75037233383794, -122.3959177624646)",4.843088423824265e-07,1.5966181167454715e-06,-3.7440471529214656e-07
19,"(37.756491148244606, -122.44314559324599)",9.624480208458308e-07,1.2109132718720982e-06,-5.546924900093728e-07
19,"(37.797629479683685, -122.42272994088276)",3.0389438688491976e-07,7.791322957373078e-07,-2.283833866567617e-07
18,"(37.783841323885156, -122.39066612300752)",6.562744037396336e-07,4.783171302905578e-07,-7.000081220215528e-08
18,"(37.74522290109796, -122.41483223888594)",3.046804057483181e-07,8.665015966415016e-07,-2.4449366029374767e-07
18,"(37.755170713807594, -122.39163845497211)",5.165128198155323e-09,1.4219385595675202e-06,8.570002877943034e-08
18,"(37.800533122664056, -122.42260041075696)",8.15016647379059e-07,9.872171339343062e-07,3.5887769148214596e-07
18,"(37.7273726514653, -122.41448673351404)",5.880852305843765e-07,1.4078385075967653e-06,4.5972185374132635e-07
18,"(37.70891949855721, -122.41300552083504)",1.3211158526482253e-06,6.951656124276465e-07,1.51782831065512e-08
18,"(37.74734343480408, -122.42624005557417)",8.507441830502593e-07,2.4184031135224594e-06,5.976833834985849e-08
18,"(37.7602464680451, -122.47456837527982)",9.01761232785137e-07,1.838395349866241e-06,-2.5761082416263415e-07
18,"(37.731215524618136, -122.45373558538515)",1.487142513540289e-06,1.1176409330013185e-06,3.9086985725427434e-08
17,"(37.76218782838266, -122.50086517009292)",1.4321098663868732e-06,1.8827434694865281e-06,1.6948442526366795e-07
17,"(37.785732300655724, -122.47806113504488)",5.444650297131076e-07,1.4290702849046746e-06,1.2189262822453096e-07
17,"(37.727556350715304, -122.45865661121164)",6.684310766670343e-07,2.67453528682731e-06,-5.239200482024928e-07
17,"(37.755094684492015, -122.39688806569227)",2.5862715616655017e-07,5.76702585357e-07,-1.8899757077253157e-07
17,"(37.757714266228874, -122.43843089524047)",6.688942455488656e-07,8.587280730024475e-07,2.1991238898960053e-07
17,"(37.76391637500109, -122.5059829762774)",7.035261456089607e-07,1.176218983488858e-06,1.0135735974200318e-07
17,"(37.76584831395742, -122.44917910581067)",6.287804518893303e-07,9.400363205389925e-07,1.553065248408827e-07
17,"(37.73237198203843, -122.44197247779448)",7.213062196008143e-07,6.934617895900303e-07,3.783395827196435e-09
17,"(37.73445333126144, -122.45805939118888)",1.6484058813680498e-06,1.6106792598375014e-06,1.8692360426211857e-08
17,"(37.76583088989332, -122.46624876762435)",2.3032179802584247e-07,1.7237727737183199e-06,2.2938279489538194e-07
17,"(37.71288709767395, -122.43413380396444)",9.250213444742703e-07,1.3959610873204038e-06,3.030017007517884e-07
17,"(37.773417341857275, -122.49034013489667)",1.1922318159947721e-06,1.5362854506423302e-06,1.204917757887838e-07
17,"(37.7459375262647, -122.39707614160703)",2.2895166072622525e-08,1.8855315483378926e-08,2.0777285177415514e-08
17,"(37.754843850377945, -122.4736215035074)",1.4756166713571223e-06,1.3418272947391325e-06,9.608204499672474e-08
17,"(37.7466481851981, -122.47147044102266)",9.59246562962563e-07,9.722319729784121e-07,-1.6218886683809277e-07
17,"(37.75677366590651, -122.50886082529938)",1.2476866229351488e-06,9.05840408884535e-08,-1.5572845139652293e-07
17,"(37.73926472932118, -122.39179761442381)",3.162065321597809e-07,2.5570683869952583e-07,2.8435219836021956e-07
16,"(37.763630820794276, -122.47031395801807)",1.363633146847838e-06,1.6048279479807133e-06,1.7883328242098338e-07
16,"(37.77882689776884, -122.39685162718288)",2.2814444548757896e-07,4.970739183505268e-07,-6.38392846163229e-08
16,"(37.743333034316386, -122.47457249645507)",4.2174995125693734e-07,2.3519848991175555e-06,1.9153301649471952e-07
16,"(37.71331017889011, -122.41486042883152)",1.1936805622920857e-06,2.3193069755623171e-07,2.0450717163532636e-07
16,"(37.75019061131931, -122.4755089400939)",1.4842198012501803e-06,2.127967310161428e-06,-1.6185350112656623e-07
16,"(37.742682057606665, -122.3948906923355)",7.0278992560165415e-09,6.788243061335088e-07,-6.907031805371708e-08
16,"(37.766995433521295, -122.43873952018707)",3.2397239579776307e-07,2.68563977400829e-06,-3.3902803539701467e-07
16,"(37.73489675315504, -122.38689333634888)",2.3015412571968413e-07,4.5228570182077864e-07,-1.558685406214545e-07
16,"(37.75976783218643, -122.44119842351915)",5.363496259900891e-07,1.0181077986676711e-06,3.9712968940601195e-07
15,"(37.74953792984431, -122.40986784520629)",2.5426929079061755e-09,7.027756994425753e-07,4.227224603960072e-08
15,"(37.744561036911826, -122.45325146231069)",1.041561717555159e-06,1.4642194266645387e-06,9.689951219914175e-08
15,"(37.71118900662889, -122.4683457875075)",3.8160262422087625e-07,1.8462773509292303e-06,8.506451068996969e-08
15,"(37.76519965697735, -122.40137339271935)",3.537696628411547e-07,1.1298206650562674e-06,2.8926604232846036e-08
15,"(37.72071990787787, -122.47579643752205)",2.6315642946747817e-07,1.6963724829892562e-06,4.948322291224588e-07
15,"(37.78050774287116, -122.47558063212699)",3.0949540441325614e-09,1.6770038208091832e-06,7.190960059830845e-08
15,"(37.8028054241482, -122.43102367355398)",8.821904395606177e-07,8.111534315407911e-07,-4.229263296653268e-07
15,"(37.75871023321183, -122.47044497046654)",8.303001044631863e-07,1.6568661072029992e-06,5.029964569593261e-07
15,"(37.772487056221976, -122.49693890967652)",7.270941359443726e-07,2.283109756661586e-06,-2.609808200158157e-08
15,"(37.72054152577913, -122.38857178150533)",2.554519310251681e-07,3.3625590342192456e-07,2.2625520124682662e-07
15,"(37.777099346735454, -122.46149312167145)",4.408878819307534e-07,9.189114509558315e-07,1.0610166655971528e-07
15,"(37.7200319469215, -122.45439114596304)",4.0909608759579466e-10,1.4587309610356765e-06,-8.730387744858667e-09
15,"(37.71626971294564, -122.43554180037603)",3.3765360144939756e-07,6.857138321489174e-07,-2.2472215659796744e-07
15,"(37.71009621711305, -122.40868056298324)",3.478488486895772e-07,6.872649296957399e-07,1.2484312917045622e-09
15,"(37.746789020901, -122.44346585205454)",4.261322934341813e-07,1.1755818175885319e-06,6.338739794829539e-08
15,"(37.74020296420983, -122.47527146593869)",9.093810749988235e-07,1.5325196243766819e-06,-2.0054048153480717e-07
15,"(37.723411644576714, -122.39193902831349)",4.0574754718210683e-07,3.2128400656620876e-07,3.6105428624111243e-07
15,"(37.78376343887833, -122.42753419073779)",4.714985967943353e-07,2.0924495717877757e-07,1.9613931427007734e-07
15,"(37.780944815819495, -122.4659239621879)",1.7180153514932885e-09,9.606687206967555e-07,4.0532434291480304e-08
15,"(37.71858621890715, -122.39668896750253)",7.746742009918253e-07,6.670342893849368e-07,2.1898318676865657e-07
14,"(37.72110198240034, -122.43172169896596)",2.809427333175376e-07,1.236738076497548e-06,-5.894510798621592e-07
14,"(37.73026325147225, -122.37435439845602)",3.165247455190652e-07,2.151797336676257e-07,2.4960304732420043e-07
14,"(37.781457812203904, -122.38894068791816)",3.1200449308533966e-07,1.0843025475044701e-06,5.816418715027956e-07
14,"(37.75436884063754, -122.43358557919858)",8.783285874392753e-07,1.2731938788998916e-06,-2.7488560029704945e-07
14,"(37.78437848478036, -122.47408857144528)",3.614183972316759e-09,1.6677343661590458e-06,7.76044810060517e-08
14,"(37.804799970523746, -122.40529169590643)",2.707926400239991e-07,1.129483884039008e-06,-2.5309149950803335e-07
14,"(37.71754714546195, -122.45661320140731)",8.961935306889958e-07,7.823013890426454e-07,-3.8994991766366184e-07
14,"(37.70992147425623, -122.45792730889086)",6.402228778690648e-07,7.702598081318583e-07,-5.244753602499243e-07
14,"(37.77543727674432, -122.49461121872527)",1.7232060712192746e-06,4.6394552864610556e-07,1.2773134969767178e-07
14,"(37.7498343285174, -122.46242743843119)",5.151293675856799e-07,2.3058175864061198e-06,-4.2387776389739773e-07
14,"(37.74881595691284, -122.43731927055997)",4.659386734925925e-07,1.990392535337845e-06,-5.322234099831819e-08
14,"(37.73976647025353, -122.42864680579372)",6.893052634069504e-07,6.980796393337769e-07,-5.804815381456113e-07
14,"(37.71616908860867, -122.45922984505532)",1.4777999609320362e-06,1.757664516489124e-07,-2.4950639118589414e-07
14,"(37.72503690617317, -122.44267480972803)",5.483509016288932e-07,4.325384696389246e-07,2.45317943287954e-07
13,"(37.7809156202561, -122.45275586589521)",4.189011615284675e-07,8.277448611918177e-07,-2.5273057284490544e-07
13,"(37.77905069509539, -122.48474217996953)",1.039084396494066e-06,1.1814350352435581e-06,4.077206452241756e-07
13,"(37.724888009992256, -122.39448983957867)",3.948294946846531e-07,7.853139782600743e-08,1.7498327477954736e-07
13,"(37.71732488113334, -122.45293619418878)",6.932050206537313e-07,8.359077361491064e-07,3.111133457886601e-07
13,"(37.741938683984586, -122.48784927541536)",1.4408298907818013e-06,1.7488682333018107e-06,5.58641594229762e-07
13,"(37.731509150977914, -122.47517428165905)",6.549653662820134e-07,6.416525094409101e-07,-2.9030964277152322e-08
13,"(37.723685113695296, -122.42998322666371)",5.4146566079935e-07,1.0423858796277879e-06,3.9438181227721326e-07
13,"(37.76658411100983, -122.45247262174485)",2.903367246038971e-07,6.264841540984608e-07,7.246994770445443e-08
13,"(37.709508722811805, -122.41651677172155)",1.9041819168718614e-07,6.995349090193396e-07,1.605987296042124e-07
13,"(37.774227731355964, -122.44843477544129)",4.79670733297214e-07,5.43660290895412e-07,3.9453146832877616e-07
13,"(37.78710627898878, -122.45589892586351)",9.780843651484486e-07,2.0391105970566207e-06,-1.2687988033529092e-07
13,"(37.713761134114584, -122.39919753761913)",2.3381718651595622e-07,6.938960293424151e-07,-1.846642888000173e-07
13,"(37.779538071253235, -122.45590248406664)",5.767179682926436e-07,4.6452338968583055e-07,8.571673651838632e-09
13,"(37.79278051384328, -122.39303793462001)",1.386949004380798e-07,1.3861663689254169e-06,-9.053558443747156e-08
13,"(37.77952621199226, -122.49626811334987)",4.807014363034428e-07,1.978522763765734e-06,-1.1458057445715131e-07
13,"(37.72509678581086, -122.41877654344677)",6.645912957699075e-07,1.1017083405725957e-06,-5.494973196319439e-07
12,"(37.75531036205109, -122.4840721181658)",7.813288862701053e-07,1.988875119495807e-06,7.673028254067754e-07
12,"(37.78744580331634, -122.44967607499068)",3.736007292115838e-07,6.915166238743279e-07,-3.332740563451078e-08
12,"(37.740400053967186, -122.48276024522573)",7.578250770652125e-07,3.7145755122246192e-06,6.132462874577782e-07
12,"(37.76320773268174, -122.48516244170662)",2.6391888513232705e-09,1.3590695470334087e-06,5.989024264809788e-08
12,"(37.781804339958065, -122.48960421504977)",4.202754324933219e-09,1.9717826085204254e-06,9.103249697373276e-08
12,"(37.732689796289165, -122.38455552910445)",1.097172904342814e-07,3.1327256906474153e-07,-1.4565850252479653e-07
12,"(37.74867881417776, -122.50711664721545)",1.3377967420250224e-06,9.373785643148203e-07,-1.6314997646093214e-07
12,"(37.78419736394512, -122.45370344709784)",2.7858810119471964e-07,9.271312675588175e-07,2.896254419085279e-07
12,"(37.781626566181906, -122.44724969342055)",4.786814131738565e-07,7.298266076865519e-07,-1.3354654919503127e-07
12,"(37.82411913273524, -122.37265804186903)",0.0,1.9827660279591395e-27,0.0
12,"(37.79086458252506, -122.39617853644592)",1.268761498973106e-07,2.035976306330926e-07,1.607223802180068e-07
12,"(37.74409020636404, -122.43794258786886)",6.816162302033653e-07,1.3969231263559086e-06,-7.461806185733631e-07
12,"(37.805334150649564, -122.44221132585211)",2.868514159843774e-07,1.4801675900136637e-06,1.4528779485245398e-07
12,"(37.74894858433447, -122.44417744908553)",3.8033982339573615e-07,1.5774804628202163e-06,3.0093364959895715e-07
12,"(37.71996304451732, -122.46250337347901)",9.428531202003493e-09,1.2022601652483074e-06,8.300606676394915e-08
12,"(37.71727159290682, -122.44529851353344)",5.637187845168486e-07,7.280578701724095e-07,1.6960116036940687e-08
12,"(37.79891354776964, -122.44352861133954)",3.626496909589815e-07,8.180752894363628e-07,1.6307274505602919e-07
12,"(37.82969115215192, -122.3753790893718)",9.60043776695151e-08,5.709000035725157e-07,2.3186985564026974e-07
12,"(37.776367239165644, -122.48303254391841)",4.937230017999055e-09,2.365012876717444e-06,1.0805790318583078e-07
12,"(37.7785230426772, -122.47326856131666)",2.6551550692815675e-07,1.2195959084083481e-06,-2.437932103325905e-07
12,"(37.72207431744507, -122.44320845970104)",5.396011097623853e-07,1.8421328308755794e-06,8.224217944911271e-07
12,"(37.78458014021208, -122.44920452051969)",1.0370564671699239e-07,9.242998948260367e-07,1.3133322655279247e-07
11,"(37.74718999701123, -122.47822758912366)",1.4073544899570465e-06,6.457511096229633e-07,-6.189762599181274e-07
11,"(37.78226804634805, -122.3928058397057)",3.7122530795516035e-07,3.0633120168981615e-07,-1.7750850298803013e-07
11,"(37.79219878992442, -122.42959687144213)",5.053034845355116e-07,2.0638602753099272e-07,7.829955679624089e-08
11,"(37.77077873151521, -122.40093524674211)",3.7935438986375174e-07,8.021381677537208e-07,1.0807975474399373e-07
11,"(37.75320826184282, -122.5075830619095)",5.728890512859664e-07,1.0814854579012096e-06,1.38910889486971e-08
11,"(37.750569010970864, -122.43401472444121)",1.2101833489103669e-06,1.1617573788765721e-08,-1.1856095894416378e-07
11,"(37.777494007159184, -122.48815812861953)",7.226483991564558e-07,8.153190456850715e-07,-4.368848972669013e-07
11,"(37.729518592306256, -122.40657619012899)",3.984471910853521e-08,5.828657157815257e-07,1.523946216873354e-07
11,"(37.7247013166755, -122.4229226555352)",3.181850085198973e-07,9.878248101777855e-07,4.46004851369211e-08
11,"(37.76373719774814, -122.49575308665912)",9.094673188247805e-07,6.778935560313163e-07,1.906468594251443e-07
11,"(37.7446998989924, -122.49232176192477)",7.264138015112282e-07,2.64548931091228e-06,-3.175405417243002e-07
11,"(37.725360799478466, -122.46335166811063)",4.3098893095559987e-07,6.774560573401413e-07,-2.7369622643204545e-07
11,"(37.71583432222068, -122.48329634465044)",1.5570353772164858e-07,4.21790903355685e-10,8.103970374531863e-09
11,"(37.74460444596918, -122.3873365377238)",5.893110088368193e-07,6.44043762714025e-09,6.16069865794508e-08
11,"(37.76900022064138, -122.40317443837147)",6.810929756846431e-07,3.6666613707894326e-07,-4.1093568278416405e-07
11,"(37.72436037885921, -122.41427186150396)",5.405115213561564e-07,6.405286761510413e-07,2.623569285824261e-07
10,"(37.78692061488176, -122.45961591130997)",1.0963004680898912e-06,3.022671091012373e-07,-6.28467574158709e-08
10,"(37.75322692351702, -122.4952133741929)",1.1521093808044832e-06,1.8088157314040632e-06,3.343432291073673e-07
10,"(37.72513277069901, -122.40858450518624)",6.995137513560547e-07,5.700487263884156e-07,-4.3180637508454747e-07
10,"(37.70959103681903, -122.40645277341905)",7.231567085560138e-07,2.506591633148885e-07,-2.948358969372536e-07
10,"(37.7656071076501, -122.47368815693576)",4.5595402230809255e-09,2.4446501710674796e-06,1.0556472387475221e-07
10,"(37.73848723448593, -122.4913894438912)",1.8185301134941511e-07,2.9472103236024554e-06,1.2253564867077058e-07
10,"(37.75236673554045, -122.44216571328384)",8.529910772709621e-07,1.484815547421974e-07,-7.24473165507722e-08
10,"(37.77286750520293, -122.50226667388168)",1.7208454206227455e-06,1.2098890593436096e-06,1.1008625349021826e-07
10,"(37.748583408475575, -122.48596418362982)",5.932717116192318e-07,3.3110990101925394e-06,-2.523715269193841e-07
10,"(37.72857525835989, -122.46335698231069)",6.04545092247864e-07,1.201892626266628e-06,2.3382054248718685e-07
10,"(37.74385016702318, -122.39852233788977)",5.609677548238306e-29,0.0,0.0
10,"(37.73811759142563, -122.46108202376328)",1.4170311706868003e-06,9.708266615750732e-07,-1.2939158212976388e-07
10,"(37.777903921483514, -122.4521668678752)",2.810764351146547e-07,9.321676355884813e-07,-3.721642082378636e-07
10,"(37.740191966455995, -122.3768473367717)",0.0,8.97548407718129e-28,0.0
10,"(37.72690303969169, -122.39866319802961)",1.462703528188587e-07,7.399560121383607e-07,-8.569443758999894e-08
10,"(37.717862395728865, -122.47842592711697)",1.6592283710650522e-07,7.463524453394414e-08,-7.660946636307419e-08
10,"(37.72072578451038, -122.39435397569825)",2.0642810559050524e-07,1.688066330539926e-07,1.866719587966197e-07
10,"(37.76009631621155, -122.46668049848192)",1.129878954731905e-06,2.994265795563098e-07,2.4081863478021313e-08
10,"(37.77111214901487, -122.38721923714498)",6.137383934358145e-08,9.551009263922346e-07,1.3582362744224192e-07
10,"(37.75164909032482, -122.48854387072443)",3.625184311543783e-07,1.5574936623751678e-06,1.7854588069150497e-07
9,"(37.796317031536994, -122.44578229939813)",3.541186594338434e-07,1.2063990449890024e-06,3.1836089506153707e-07
9,"(37.75730921964555, -122.48695917981922)",3.9790935810480656e-07,2.023057733009031e-06,1.723647165683877e-07
9,"(37.73460770378808, -122.49459499211129)",2.535293734447426e-07,2.1614453319606687e-06,3.4259383952673046e-07
9,"(37.71717527090638, -122.427943973294)",1.768883765853924e-07,7.748144975309623e-07,-3.7021031671855664e-07
9,"(37.74927204575573, -122.46846028208236)",4.003172779554693e-07,2.427022442597331e-06,-3.022900359361305e-07
9,"(37.787099170088716, -122.48909294217034)",7.456563042642851e-07,6.655174801317488e-07,-3.586659974203792e-09
9,"(37.776717855015505, -122.39039050046225)",3.925848741487677e-07,3.0051184844272185e-07,-3.434769369275025e-07
9,"(37.73573790397792, -122.50115220935852)",3.4392405739015865e-07,1.7886870532782711e-06,3.225086002290335e-08
9,"(37.77880825388429, -122.39280482302446)",1.3969671280410166e-07,2.2401676425917475e-07,1.7690224865194618e-07
9,"(37.70960359088945, -122.43276833278271)",4.698962813331391e-07,2.671112947589314e-06,-1.1597464016994393e-08
9,"(37.778717090053554, -122.50171061991017)",1.0534938421493612e-06,9.077942283017593e-07,5.649815666763496e-07
9,"(37.722691985223214, -122.42618786717942)",1.101070649445395e-07,4.845270757665795e-07,-2.3097587362401913e-07
9,"(37.75924909631342, -122.50429259449544)",8.644750811774855e-07,9.097249108682342e-07,-1.0545647452314663e-07
9,"(37.78376682802724, -122.49180909091254)",1.0581813401105786e-06,7.619680555925728e-07,6.881403583034772e-07
9,"(37.739973980989554, -122.49828190365909)",4.270770806369229e-07,2.4497616727262724e-06,5.218419287208105e-07
9,"(37.73725392982694, -122.43468329068577)",7.127021386337872e-07,3.6094502318110285e-07,-2.3742691991356066e-07
9,"(37.73152220019775, -122.48308522470552)",4.166995229649887e-07,1.1806371225521147e-06,6.537940767163532e-08
9,"(37.709290465481885, -122.46097720770348)",2.437302443299418e-07,2.2945063476258099e-07,2.3625323852387832e-07
9,"(37.73161053010941, -122.47825238619127)",5.265854582527295e-07,6.031052681170605e-07,-1.7229144205926632e-07
9,"(37.80505119455471, -122.43433858136665)",2.9028516584421987e-07,6.694304179978026e-07,-6.809084906622693e-08
9,"(37.75525545733041, -122.5053254285573)",6.878167659858174e-07,7.806650148277473e-07,1.2591932041712307e-07
9,"(37.79208041756384, -122.43447948951128)",1.8011487136903405e-07,7.566894693990463e-07,-1.337795972360708e-07
9,"(37.78666264174043, -122.46492862631027)",1.5147691238303607e-09,7.960844825312067e-07,3.46855269149252e-08
9,"(37.73161242648849, -122.44430299005677)",2.437060891660209e-07,4.174448914772847e-11,-2.8170855939144216e-09
8,"(37.75538988423265, -122.3880011217841)",0.0,0.0,0.0
8,"(37.78730889340343, -122.48566612242587)",1.0322904024235232e-06,3.5078090112457674e-07,-3.050727000811444e-07
8,"(37.76536920253, -122.4833876744307)",3.226726780146116e-07,1.295127143857957e-06,2.823593548646719e-07
8,"(37.737397068773774, -122.38107581543035)",2.6455813591045543e-07,1.0317430472415626e-06,-5.120460186670312e-07
8,"(37.770988716890606, -122.45958682117154)",2.8294338831912334e-07,2.137067083180426e-06,-8.460960975572778e-08
8,"(37.75909187822515, -122.49897950981293)",4.5317371837726674e-07,6.127363778608611e-07,1.7536479771088771e-07
8,"(37.77320467368347, -122.50613382557275)",4.260952610764656e-07,6.536366781906473e-07,-1.0972110493358874e-07
8,"(37.77986593070796, -122.48955697436473)",1.601969045936211e-09,6.631645528685933e-07,3.257434703273365e-08
8,"(37.72127745117722, -122.4020564730272)",0.0,2.3079816198466173e-28,0.0
8,"(37.736982404641424, -122.5056012352976)",1.0418897351452493e-06,1.4124201442703727e-06,9.664632190899325e-07
8,"(37.70949297371323, -122.46477230826059)",2.9754907532363937e-07,2.8773627319162817e-07,-1.5747333632005643e-07
8,"(37.753650463817245, -122.48986186954137)",1.286317839598022e-09,6.616133370732215e-07,2.917267618156388e-08
8,"(37.76420521255629, -122.3881438128435)",2.4264835891605834e-07,4.122340070535006e-07,3.1627188509401634e-07
8,"(37.78232199762209, -122.47817657497262)",1.2792293422228317e-09,5.727096030731907e-07,2.7052692911211795e-08
8,"(37.739818133776474, -122.43312892624556)",6.913359952401352e-08,1.348370392393373e-06,5.110604550483413e-08
7,"(37.74032462416189, -122.43807375691031)",2.1357529775355468e-07,1.1534949546368895e-06,-1.6451929832353558e-07
7,"(37.71369412498647, -122.49835701845458)",5.890161425650221e-29,2.3560645702600883e-28,-1.1780322851300441e-28
7,"(37.75607518235963, -122.47734876935249)",4.318193259976737e-09,2.2212983490843764e-06,9.793873304472339e-08
7,"(37.74232857778149, -122.4619949409665)",6.759379241555363e-07,4.812003166145675e-07,1.3102640871378993e-08
7,"(37.73186471162376, -122.46798483740795)",6.220418323708354e-07,2.3631608326665017e-06,-7.103057885002666e-07
7,"(37.71605784248321, -122.47851407209744)",4.845405591861445e-08,3.259261985790414e-07,-8.651353408202197e-08
7,"(37.780326786693124, -122.5073794081779)",5.500972228203795e-07,2.4519310649719506e-06,3.7699448831844957e-07
7,"(37.78642896801817, -122.47019619949535)",3.6734758628114812e-09,1.6954532072183148e-06,7.888293202123441e-08
7,"(37.78119585005425, -122.50001545098414)",3.124694828803433e-08,1.3361840554894206e-06,-1.1855112365878163e-07
7,"(37.75738984800374, -122.4958868899482)",4.956329314416351e-07,1.702344824438405e-06,-7.866736414238939e-09
7,"(37.76824602411454, -122.45335228997452)",5.890161425650221e-29,0.0,0.0
7,"(37.76109718830436, -122.38762073662001)",4.653808476050994e-07,4.198477450240971e-09,-4.420283921247638e-08
7,"(37.74787855816938, -122.4995202687521)",1.6269919009536828e-06,6.083849300648841e-07,-4.7149032659321446e-07
7,"(37.711942705814245, -122.43007278557116)",3.254742966151196e-07,6.541515790197168e-07,2.748647602761581e-07
7,"(37.774960416668954, -122.39674069663708)",4.032434348654479e-07,6.323229133424498e-07,-5.049555064759037e-07
7,"(37.776247042779595, -122.4915192251503)",4.841269766714222e-07,7.349723789109059e-07,-1.4587848847087814e-07
7,"(37.73526193740878, -122.43893742209646)",2.2158890041757734e-07,1.0884544936117626e-06,4.1339224126928205e-07
7,"(37.73362257429312, -122.44965583812122)",3.0902140633781544e-07,9.849340196070799e-07,1.1545800329590918e-07
7,"(37.73660217235191, -122.4462889292566)",9.400600830853314e-07,1.743384721091264e-06,7.651997391614531e-08
7,"(37.74670473385635, -122.4897632453782)",7.934254030629985e-07,1.377191860812019e-06,-4.2702972064771966e-07
7,"(37.72337518182054, -122.40933540745591)",5.450721819264008e-08,1.6077731404216005e-06,1.7499139975120054e-07
7,"(37.71992497249729, -122.44662056875991)",6.1413525632351e-07,5.949138545581412e-07,-6.417889040461236e-08
7,"(37.75399495055269, -122.50010084705283)",1.0128817222176403e-06,1.4925430208167904e-06,3.310958042698056e-07
7,"(37.76683862595297, -122.39647459236461)",1.6774887112139357e-07,9.286865881619721e-07,3.472571959629264e-07
7,"(37.73633179123575, -122.45241369097212)",8.239738430199294e-07,4.359054036543107e-07,3.7296566353714777e-07
7,"(37.77129635185077, -122.40542473566995)",5.890161425650221e-29,0.0,0.0
7,"(37.789722042468654, -122.45310619988891)",1.0865294206663631e-07,1.9030663837408669e-06,-3.6928990511353965e-07
6,"(37.71841604035639, -122.44955946555878)",1.0458186285927102e-07,3.7202508223077035e-07,7.958540450834026e-08
6,"(37.70913005523516, -122.44537166770068)",3.8062931541570126e-07,5.325071060153755e-07,-2.8307551722859054e-07
6,"(37.82357442446163, -122.36374276695297)",0.0,2.4233807008389486e-28,0.0
6,"(37.711394657355946, -122.4464924335333)",6.445367650598456e-08,6.561809088446591e-07,1.1647808010676455e-07
6,"(37.75844193064864, -122.4480796353355)",5.215215976036845e-07,1.6216570666369145e-06,3.704011691346717e-09
6,"(37.72176098318884, -122.44997890040223)",2.42017533923452e-07,3.7819601578017307e-07,1.5061466098416463e-07
6,"(37.75616383463167, -122.45529081270767)",8.788021175122733e-07,1.2166515720403245e-06,2.76535136098016e-07
6,"(37.74559790732588, -122.50274141818056)",1.7702463820028387e-09,9.191452817502661e-07,4.033749625078551e-08
6,"(37.76273686855271, -122.4817232589901)",9.714754098571476e-07,2.372655609481034e-07,4.801017163758579e-07
6,"(37.76046376822811, -122.49088007707859)",9.318737810085652e-07,4.403307852915009e-09,-6.405721768731934e-08
6,"(37.740943381250375, -122.45056977133181)",1.4554135132090874e-06,9.172782593912127e-08,-1.0126946225484856e-07
6,"(37.745411358497726, -122.506989174977)",5.711743116189639e-10,2.9586943403446564e-07,1.2999731540323398e-08
6,"(37.731586889772025, -122.49188597796007)",3.6007825782593056e-07,2.280132908858301e-06,-3.4532674070019313e-07
6,"(37.73050951682726, -122.47160072130873)",4.006169753198427e-07,6.147590660167264e-07,-2.5064802322922846e-07
6,"(37.783884559423065, -122.45773990919399)",1.5216208713912637e-09,7.039939663930785e-07,3.26871362210217e-08
5,"(37.71625181494582, -122.45053376351775)",3.4321751107755877e-08,1.2075808547458885e-07,-6.437879273416011e-08
5,"(37.82946086611065, -122.3716809978421)",3.846739310111741e-08,3.175208659631277e-07,1.1051787171679902e-07
5,"(37.72702228374081, -122.47107056017401)",6.991485062155547e-07,1.1525667764762817e-06,-5.757867856794943e-07
5,"(37.74111180102476, -122.45690837867137)",8.963913850384088e-07,1.3717625046017762e-08,1.1088895758567411e-07
5,"(37.72892216084191, -122.46846677816002)",7.615903641572822e-07,1.4643513268080157e-07,1.4030568928219207e-07
5,"(37.82651649568032, -122.37468312273408)",3.5629530078389493e-07,6.792811397515882e-07,1.6940743905862382e-07
5,"(37.78648090193675, -122.4452084939398)",0.0,0.0,0.0
5,"(37.74509892973954, -122.4971142907581)",1.1011345362132933e-06,1.2825363992155278e-06,6.815410951335883e-07
5,"(37.740474521368, -122.49163454323252)",1.1190292609116325e-09,5.747359137602523e-07,2.5360329282246362e-08
5,"(37.74356720247711, -122.50646759891706)",6.735776900654239e-10,3.453850882498915e-07,1.5252661732510968e-08
5,"(37.8247366877128, -122.3761852516031)",8.458051211822168e-08,6.574261746592575e-07,-2.3580806290838204e-07
5,"(37.7820448005881, -122.48444655470075)",3.15172958537834e-09,1.4885382161921024e-06,6.846697761598429e-08
5,"(37.73905793088176, -122.45923098259212)",8.894591186773764e-08,2.95270984469301e-07,3.215851374005446e-08
5,"(37.7501183410453, -122.39043303882343)",0.0,2.524354896707238e-28,0.0
5,"(37.726430778912125, -122.46640071410317)",8.412062286721191e-07,7.303975682859452e-08,-1.417749565123249e-07
5,"(37.75770271369385, -122.48273308059731)",6.674698281720793e-10,3.4407757541729823e-07,1.515458346975098e-08
5,"(37.77357345477833, -122.39943313209076)",0.0,0.0,0.0
5,"(37.75146921264488, -122.4799337619381)",1.099566582612096e-06,8.394043945524923e-07,5.652967905003839e-07
5,"(37.77755029456009, -122.49809458591524)",7.044918177044299e-10,3.413972780663159e-07,1.5508436058619308e-08
5,"(37.708310211487955, -122.44212281616815)",3.190328296692527e-07,9.31175737578662e-08,-1.7235882062693342e-07
5,"(37.73433102628835, -122.48822352486692)",5.682564220221621e-07,2.869241753160858e-06,6.273518231652423e-07
5,"(37.75793933657678, -122.47735794131088)",7.323174080707884e-10,3.782971475113613e-07,1.664432595649619e-08
5,"(37.736601563479795, -122.46924848083036)",1.5016176558650463e-06,3.9765114728552427e-07,5.277567728019165e-07
5,"(37.717918131794214, -122.46533846621432)",3.557200690801956e-11,8.058801942184449e-07,5.354136205824895e-09
5,"(37.79890305562089, -122.44680227673976)",2.917999485140934e-07,5.821864712615133e-07,1.1479357270800968e-07
5,"(37.744656939651264, -122.44286527896955)",1.9948902490378926e-07,5.90837108235038e-09,-3.433154796958365e-08
5,"(37.75944444087311, -122.48565221236872)",4.4908403326953123e-10,2.3081824960612685e-07,1.0181197890490726e-08
5,"(37.74236226687784, -122.49971600568142)",7.210502819521435e-07,8.935519082201813e-07,1.9196795361133473e-07
5,"(37.7596808089841, -122.4802903526499)",1.5592073180778549e-09,8.032103476665023e-07,3.5388860487559154e-08
4,"(37.78158977987792, -122.49425140112123)",6.235970252891129e-10,2.8805040230237034e-07,1.3402513719787434e-08
4,"(37.7595603153511, -122.4830243917546)",5.571870383622872e-10,2.867445019107024e-07,1.264002847252701e-08
4,"(37.747414785408466, -122.50394213295542)",1.5026234976761711e-09,7.661569299516986e-07,3.393000736459605e-08
4,"(37.7377570415317, -122.47908697608794)",9.042966052129096e-07,3.5670935394218683e-07,2.920148666797378e-07
4,"(37.74516538620431, -122.42903667296396)",0.0,0.0,0.0
4,"(37.71116107664349, -122.38645191189221)",0.0,0.0,0.0
4,"(37.753980733192364, -122.48236560183042)",7.36267567980318e-10,3.798599179283951e-07,1.672359225604184e-08
4,"(37.74681562261405, -122.47514098363571)",5.013485610993184e-10,2.5741273917772245e-07,1.1360171935115475e-08
4,"(37.7568817432406, -122.50137594882696)",1.4780034861981949e-09,7.672685624393659e-07,3.3675296639243394e-08
4,"(37.774632347243546, -122.48004001662784)",0.0,0.0,0.0
4,"(37.78687743757966, -122.47358658728939)",5.037001738976196e-07,2.839714268961064e-07,1.9976972697156117e-07
4,"(37.73842615347523, -122.4957884114468)",1.453108827497836e-09,7.59151116032878e-07,3.3213388610888796e-08
4,"(37.75537469978938, -122.49321307818394)",7.538930545966517e-10,3.8548344482647274e-07,1.7047383720579217e-08
4,"(37.75025402381403, -122.49258639333596)",8.815958054928281e-07,2.68689002796232e-07,1.1703608351936378e-07
4,"(37.74224847283138, -122.49390762890434)",1.5041462019969952e-09,7.65085799596543e-07,3.392310221456155e-08
4,"(37.77306951516253, -122.38728739685827)",0.0,0.0,0.0
4,"(37.74171885598818, -122.505742715159)",4.369459525591944e-09,2.4454320343454686e-06,1.0324626829216443e-07
4,"(37.74414139692262, -122.4654600072936)",3.8940928067063603e-07,6.987219562200189e-07,-4.7583035117172454e-07
4,"(37.75368752453595, -122.45063040146653)",4.0206018194911827e-07,5.339961409486688e-07,1.1425313006258158e-07
4,"(37.77567887797066, -122.49811886223858)",5.932636485908925e-10,2.8453919499921996e-07,1.299256560469689e-08
4,"(37.8013465268578, -122.447451771658)",3.287416686768278e-07,5.411152950004109e-07,-4.2176669501631955e-07
4,"(37.72821056328196, -122.47869797056973)",0.0,0.0,0.0
4,"(37.74621340494203, -122.43512438690918)",1.618182081412848e-07,2.4137962992116796e-07,-9.534627421857235e-08
3,"(37.73443927770875, -122.47281211587843)",3.854965903813764e-07,9.796569568120625e-08,1.9433332616781032e-07
3,"(37.78564884045485, -122.48728636652208)",0.0,0.0,0.0
3,"(37.7181267149201, -122.4141763243238)",0.0,3.0292258760486853e-28,0.0
3,"(37.717890152328465, -122.46953879761709)",1.1947651899099586e-11,2.6789806457484476e-07,1.7890647892076876e-09
3,"(37.71498278041112, -122.45247422582248)",0.0,0.0,0.0
3,"(37.7415342624393, -122.43562104740643)",0.0,3.0292258760486853e-28,0.0
3,"(37.725304414082046, -122.37895131354931)",0.0,0.0,0.0
3,"(37.73755329507275, -122.43801300517255)",8.592044705004268e-08,1.1468169409908786e-07,-9.926480960264756e-08
3,"(37.775125350519865, -122.46922688286058)",0.0,0.0,0.0
3,"(37.73542874172957, -122.44231179397059)",2.777613302119618e-07,3.454655390749308e-07,2.736937022024084e-07
3,"(37.77115580067553, -122.47365519248189)",0.0,0.0,0.0
3,"(37.7511255525711, -122.50456205262891)",3.1496897233390305e-09,1.5316354427249225e-06,6.945629139143922e-08
3,"(37.7438006596546, -122.5011785634287)",7.448007928280087e-10,3.826981701768882e-07,1.6882947034258402e-08
3,"(37.73528871444638, -122.4631751745985)",8.100132968988047e-07,4.923431061908657e-07,-5.502052972982599e-07
3,"(37.75055988067989, -122.38269394788188)",0.0,0.0,0.0
3,"(37.72859246948595, -122.45111881012404)",1.6556057627273278e-07,1.1713963432233686e-10,-4.403828489256056e-09
3,"(37.72773459560141, -122.44655630063107)",2.1899165810430198e-07,7.350596516543565e-12,-1.268747145499678e-09
3,"(37.817823897791946, -122.37124589911552)",0.0,0.0,0.0
3,"(37.74620069008983, -122.46191754353093)",7.759185841093749e-08,1.2917752349167032e-07,1.0011555379980293e-07
3,"(37.7375984756023, -122.472088827034)",0.0,0.0,0.0
3,"(37.73458928620908, -122.47787377009642)",2.4154872216697074e-09,1.886259086610936e-06,6.749988681817985e-08
3,"(37.74687402255978, -122.46471412143477)",0.0,0.0,0.0
3,"(37.72399972606433, -122.48507517930894)",0.0,0.0,0.0
3,"(37.72214782185991, -122.41662869614784)",3.437722756388286e-07,6.244780537888553e-08,-1.4651902321456474e-07
3,"(37.7320087679426, -122.46093221764691)",2.4440974691749926e-08,4.170933329820393e-07,-1.0096617054990075e-07
3,"(37.78381746145697, -122.48644271052723)",7.696946430298292e-10,3.7595472475481553e-07,1.7010888797048067e-08
3,"(37.744313943911415, -122.46003018847567)",1.9317595591110626e-07,2.2126106841546066e-08,-6.53776096206257e-08
3,"(37.74149933163951, -122.45335031748685)",9.988475992958451e-08,2.824912351114014e-07,-1.6797788307189179e-07
3,"(37.75908680840698, -122.45208708565575)",4.4596022371380045e-07,8.554596717539834e-07,6.176576613250585e-07
2,"(37.804942156485225, -122.44778300938013)",9.498905941392003e-08,4.923041320131322e-07,2.162487143210654e-07
2,"(37.79376511962328, -122.44658786372358)",0.0,0.0,0.0
2,"(37.73867692091308, -122.44352097234811)",0.0,0.0,0.0
2,"(37.768819936607976, -122.38930771704928)",0.0,0.0,0.0
2,"(37.72701952219783, -122.48386439662315)",0.0,0.0,0.0
2,"(37.751249395207246, -122.45106710915803)",0.0,0.0,0.0
2,"(37.73068763436866, -122.45744575733735)",0.0,0.0,0.0
2,"(37.737407341045724, -122.4763682713694)",0.0,0.0,0.0
2,"(37.80407224940463, -122.4019734281221)",0.0,0.0,0.0
2,"(37.73432349673145, -122.48333229870022)",6.928243142840919e-10,3.924170368047086e-07,-1.648866472573257e-08
2,"(37.75643832081522, -122.46900269366077)",0.0,0.0,0.0
2,"(37.73981238341194, -122.50667573830013)",0.0,0.0,0.0
2,"(37.71895555784868, -122.50022095522831)",0.0,0.0,0.0
2,"(37.7346255713805, -122.47510247123124)",0.0,0.0,0.0
2,"(37.75432840530162, -122.46041716756062)",5.693527123026857e-08,1.2702826998268396e-06,-2.6893101355879164e-07
2,"(37.764970792128274, -122.48796743243817)",0.0,0.0,0.0
2,"(37.764494759650454, -122.4986873067502)",0.0,0.0,0.0
2,"(37.745148985345935, -122.4571211552234)",2.331102076349648e-07,1.4927920459395895e-07,-1.8654357769293524e-07
2,"(37.710365232979576, -122.39088782630682)",0.0,0.0,0.0
